label,party,color,fontcolor,size,fontsize,dim11,dim12,dim21,dim22,dim31,dim32
kraft,SPD,#cc0000,#cc0000,10,12,63.000698,34.18892,60.20878,53.029984,10.233667559350339,14.291695136990151
produkt,Gruene,#029e00,#029e00,10,12,71.81494,64.669556,52.898224,27.296131,8.280182019869493,15.157764619092395
friede,CDUCSU,#343434,#343434,10,12,60.912617,33.733097,62.169178,55.81859,11.936240369111694,14.457017482079998
demokrat,FDP,#ffe800,#ffe800,10,12,64.3727,23.97654,56.053562,65.00053,4.429153785722361,16.73243328946631
gewerkschaft,Linke,#900C3F,#900C3F,10,12,85.411766,74.04994,49.03674,7.875448,6.008777696004514,13.04746358621236
privat,FDP,#ffe800,#ffe800,10,12,31.692127,36.76669,78.97776,68.26065,18.563421843532975,18.715849321018897
90,Gruene,#029e00,#029e00,10,12,98.296555,58.121555,87.29837,0.87974983,5.340946860696659,12.19912020276961
privatisierung,Linke,#900C3F,#900C3F,10,12,80.29296,77.14359,47.854176,7.0762196,4.07925176947821,15.62888447856544
sozialdemokrat,SPD,#cc0000,#cc0000,10,12,76.99491,29.237196,61.11725,49.14332,5.02222980387168,14.308376178409759
kriegen,Linke,#900C3F,#900C3F,10,12,81.77742,75.357346,47.024063,6.57797,3.6984094036001345,14.166530371584473
stehen,CDUCSU,#343434,#343434,10,12,19.332645,18.913784,92.74359,83.90265,31.63781125583281,13.683235227259127
bereich,FDP,#ffe800,#ffe800,10,12,34.191563,31.129679,81.57061,65.37575,19.38700551193698,15.059759755633303
derzeit,AFD,#21a1ff,#21a1ff,10,12,62.00163,92.02147,10.532644,45.920265,3.2716595194836247,21.212699469183256
eltern,AFD,#21a1ff,#21a1ff,10,12,56.11287,70.67086,37.121765,46.42094,10.698646649217254,22.087868130023942
brauchen,Gruene,#029e00,#029e00,10,12,5.103677,17.545502,99.86179,96.93058,40.379394107144435,5.5577385948183
15,AFD,#21a1ff,#21a1ff,10,12,61.248882,97.2607,2.1349094,49.408787,0.8259137950891393,22.144235627854933
ausbau,SPD,#cc0000,#cc0000,10,12,58.831566,49.528988,69.062386,43.434284,14.772793685565583,13.296680168776948
pflege,Linke,#900C3F,#900C3F,10,12,79.61621,65.0278,52.212376,18.540277,8.894342240247246,13.107065797642015
afd,AFD,#21a1ff,#21a1ff,10,12,13.223421,0.0,85.98945,88.32952,31.62797432052032,100.0
sicherheit,CDUCSU,#343434,#343434,10,12,24.206383,13.940586,95.020256,76.87149,27.370532556552483,13.77402803935571
bevölkerung,AFD,#21a1ff,#21a1ff,10,12,63.50342,74.91549,30.070648,43.4495,7.881739161760598,19.069776796640763
sogenannt,AFD,#21a1ff,#21a1ff,10,12,61.335217,87.675545,14.309856,45.10076,5.383965550251784,19.927016054670908
pds,Linke,#900C3F,#900C3F,10,12,90.797966,71.266685,51.50897,10.02738,7.758237028796398,11.252937687550713
investition,SPD,#cc0000,#cc0000,10,12,64.88282,46.74232,62.4037,42.638035,11.842085983458581,15.001486430222219
gesetz,AFD,#21a1ff,#21a1ff,10,12,54.937744,64.627106,39.787395,48.459152,12.54172128123692,20.78966961203112
gender,AFD,#21a1ff,#21a1ff,10,12,64.82475,96.166336,2.5495546,51.3557,1.209424702437554,22.8830890506549
freiheit,FDP,#ffe800,#ffe800,10,12,36.095608,17.690928,85.62298,66.25612,24.51805967143773,14.136795154551788
voraussetzung,CDUCSU,#343434,#343434,10,12,50.292755,35.468456,70.4409,60.947506,16.441666872764245,15.690779375978234
erforderlich,FDP,#ffe800,#ffe800,10,12,71.87442,37.767944,53.074856,59.92285,8.636510005093502,16.607529693284008
nachhaltig,Gruene,#029e00,#029e00,10,12,64.4661,57.61954,57.276474,33.604225,14.187130595072016,16.198507974243253
wirksam,Linke,#900C3F,#900C3F,10,12,65.72176,49.824543,62.403152,38.522766,12.803455979991648,13.440121466787605
volk,CDUCSU,#343434,#343434,10,12,69.884834,43.62863,49.89212,49.21922,14.042001166305129,21.685564024024533
afrika,AFD,#21a1ff,#21a1ff,10,12,59.407467,94.72688,2.6590114,44.086056,1.5526709870312747,20.79150979306799
entwicklung,FDP,#ffe800,#ffe800,10,12,17.674217,20.534533,91.66052,85.30308,31.938957857974444,14.218505394249783
10,AFD,#21a1ff,#21a1ff,10,12,63.40338,96.559586,1.6793631,49.391617,1.1233973321732875,22.604953057690334
erreichen,SPD,#cc0000,#cc0000,10,12,41.11732,31.257475,77.71331,60.08032,18.146250686729974,14.781203397977627
gewährleisten,FDP,#ffe800,#ffe800,10,12,57.319115,64.71205,37.941425,45.71335,11.365624909992341,18.843078057133724
verbesserung,FDP,#ffe800,#ffe800,10,12,67.98673,35.26071,57.534378,61.021446,9.787852702005768,14.435553428672396
öffentlich,Linke,#900C3F,#900C3F,10,12,3.3281379,26.21318,96.53251,94.8617,50.89007231836108,5.398366760025705
gestalten,Gruene,#029e00,#029e00,10,12,67.79368,54.02115,59.136642,34.317886,13.143058487605261,12.96269991958525
erfolgen,FDP,#ffe800,#ffe800,10,12,59.405125,39.6445,56.946735,54.707382,12.321969664156322,16.68147931549957
tragen,SPD,#cc0000,#cc0000,10,12,56.880844,43.284725,51.20282,49.932755,13.911405859056844,18.634252752300746
bund,SPD,#cc0000,#cc0000,10,12,34.227238,25.466803,83.276596,61.411697,21.31429531391773,13.225299400976173
kapitel,AFD,#21a1ff,#21a1ff,10,12,66.838295,91.09485,13.000469,44.368477,4.39870258152462,23.900962609307896
türkei,AFD,#21a1ff,#21a1ff,10,12,62.01617,93.624115,7.4469566,46.534885,2.8583786572395584,21.986150020493657
gesellschaftlich,Linke,#900C3F,#900C3F,10,12,79.42253,50.241425,65.62742,25.097313,14.856407250667925,12.430720984709495
sichern,CDUCSU,#343434,#343434,10,12,26.145702,13.565079,95.065384,77.37495,28.76994670366721,9.551082490052643
welt,CDUCSU,#343434,#343434,10,12,39.47136,25.643408,79.9538,59.039433,20.808030970103772,12.14740755857922
gesetzlich,Linke,#900C3F,#900C3F,10,12,69.215,51.919014,63.66524,34.665512,12.583683176059631,16.111798775738333
frei,FDP,#ffe800,#ffe800,10,12,33.31708,38.740967,79.078476,67.972984,19.899523163696305,17.76564507740589
schutz,Gruene,#029e00,#029e00,10,12,31.685957,29.426987,82.47666,64.44621,20.829255950041265,15.80323347757662
wichtig,SPD,#cc0000,#cc0000,10,12,24.1876,15.639668,94.82495,74.6341,28.800523561125736,12.637221889119493
wirtschaftlich,CDUCSU,#343434,#343434,10,12,22.087,13.995802,96.04529,78.8458,32.19168844186334,11.443037954662666
wirtschaft,SPD,#cc0000,#cc0000,10,12,22.275805,18.080816,93.2581,78.49669,28.277896951163868,15.415164623716047
fördern,CDUCSU,#343434,#343434,10,12,12.523998,16.517971,96.4618,88.61158,38.9156762692867,13.959015314793271
verstärken,FDP,#ffe800,#ffe800,10,12,57.06576,36.1901,62.1319,61.446537,13.063776163021332,15.162977313089531
weltweit,CDUCSU,#343434,#343434,10,12,64.518486,40.131363,58.40381,51.591103,10.386273899535436,14.126824698986937
aufgabe,CDUCSU,#343434,#343434,10,12,59.549164,37.289238,62.054844,57.604218,12.306413998431914,15.015660626182761
ddr,Linke,#900C3F,#900C3F,10,12,80.985695,72.338295,47.34492,9.953953,6.1075555113192275,13.297790739771898
stadt,SPD,#cc0000,#cc0000,10,12,79.43373,59.047485,58.755135,43.721203,10.58246255358979,13.22330440281071
milliarde,Linke,#900C3F,#900C3F,10,12,64.93404,70.23953,32.424824,41.351837,10.661572620470565,18.218821168575875
ezb,AFD,#21a1ff,#21a1ff,10,12,62.131573,95.650856,2.9575121,48.653904,1.2372861657095466,22.361288022651404
spd,SPD,#cc0000,#cc0000,10,12,47.03323,39.562645,63.70983,50.79524,13.28484106588399,12.011351142535034
sozialversicherungsabkommen,AFD,#21a1ff,#21a1ff,10,12,63.41452,99.666145,0.31095582,48.32966,0.4453611918801964,22.4442719016993
sorgen,SPD,#cc0000,#cc0000,10,12,45.609287,34.637787,75.271,58.621555,16.78396758816444,14.74303993421323
umwelt,Gruene,#029e00,#029e00,10,12,67.574135,60.088062,54.82659,32.9871,11.774259832207775,13.995404777140449
stärken,Gruene,#029e00,#029e00,10,12,9.773423,16.662462,98.18956,93.529976,41.99719234801973,11.266001632812644
kommune,Linke,#900C3F,#900C3F,10,12,80.28982,49.871918,67.88441,23.94611,15.223896224974359,11.983724778129803
teilhabe,Gruene,#029e00,#029e00,10,12,73.290115,63.879597,54.27122,25.314089,8.546190441599897,14.927823525239331
bildung,Linke,#900C3F,#900C3F,10,12,23.736526,26.783371,86.58412,76.66351,25.727700238791563,14.100380484417382
bundesregierung,SPD,#cc0000,#cc0000,10,12,45.566463,22.49806,75.857704,49.77588,18.625207411883423,13.118012227970743
million,Linke,#900C3F,#900C3F,10,12,75.30197,56.17786,60.299812,32.628216,12.451132067431448,15.268387011990272
art,AFD,#21a1ff,#21a1ff,10,12,63.112606,89.390686,14.370892,46.617947,5.187812773322934,21.785699041993574
eu,AFD,#21a1ff,#21a1ff,10,12,16.751503,26.006863,88.230484,84.53169,31.861833704331914,23.089587565108634
maßnahme,FDP,#ffe800,#ffe800,10,12,38.071934,32.997353,78.522026,63.137966,19.127145539910188,16.561484657472995
politisch,FDP,#ffe800,#ffe800,10,12,22.681301,28.139473,84.89348,77.98121,24.525756402824996,19.609860321695145
neu,Gruene,#029e00,#029e00,10,12,32.951527,28.305864,82.57564,64.32017,20.625553011313155,14.579882248879668
euro,Linke,#900C3F,#900C3F,10,12,86.11182,45.4627,63.63238,25.88343,20.593421311272838,24.07490277785993
armut,Linke,#900C3F,#900C3F,10,12,81.89598,70.79706,48.23244,11.938644,5.674817243159635,13.616654244715779
einzeln,FDP,#ffe800,#ffe800,10,12,70.63038,35.633488,55.463814,61.46747,7.107284609616632,15.373346267654151
zugang,Linke,#900C3F,#900C3F,10,12,73.310616,59.854294,58.1526,26.781454,10.659656701462984,15.438519715523032
hilfe,SPD,#cc0000,#cc0000,10,12,59.577103,41.063114,57.702065,53.331596,12.372960263192649,16.274666791308206
schule,AFD,#21a1ff,#21a1ff,10,12,56.941658,66.89179,37.886696,46.456135,10.647102259225916,19.993535441329787
schützen,Gruene,#029e00,#029e00,10,12,66.54828,56.68216,57.341957,32.474865,13.37909600107388,15.592743572139717
politik,CDUCSU,#343434,#343434,10,12,8.868478,15.790185,98.00471,95.5536,43.87455640971946,8.793072481344046
und,CDUCSU,#343434,#343434,10,12,67.22251,29.05754,58.364677,57.668316,8.33666864980311,15.86231112132629
beitrag,CDUCSU,#343434,#343434,10,12,54.38432,38.59641,68.676254,57.88358,14.954931635019756,15.696982567913798
zukunft,CDUCSU,#343434,#343434,10,12,21.164494,12.451141,96.3158,80.45519,31.863602454284045,14.771208526666193
halten,CDUCSU,#343434,#343434,10,12,61.508595,41.6529,56.812954,50.79507,12.319540207572395,15.60588077386648
leisten,CDUCSU,#343434,#343434,10,12,56.06944,41.467155,53.390736,50.316093,14.693461889361542,17.16071458298549
kind,Gruene,#029e00,#029e00,10,12,8.923727,18.0319,97.985794,95.19795,44.733440344212895,17.810177488180123
abschaffung,AFD,#21a1ff,#21a1ff,10,12,61.685734,89.51453,12.891243,45.832558,3.9709083750755094,19.789150600800077
parteienfinanzierung,AFD,#21a1ff,#21a1ff,10,12,58.43255,98.007515,0.5226781,45.45074,0.2069365773601649,21.413029869122834
gerechtigkeit,SPD,#cc0000,#cc0000,10,12,78.40945,61.97437,56.292336,23.275766,9.00205556573937,13.683071628620578
lassen,Gruene,#029e00,#029e00,10,12,59.55501,68.853485,37.72983,44.518387,9.848978381652744,18.92470768508362
grundgesetz,AFD,#21a1ff,#21a1ff,10,12,62.224293,84.48332,15.891976,45.258007,7.1839440319711425,22.535365006166657
international,FDP,#ffe800,#ffe800,10,12,30.683792,22.764364,85.87683,67.97525,23.975259512458084,12.91263291974124
künftig,CDUCSU,#343434,#343434,10,12,59.051067,32.79271,61.681175,59.876625,11.86774502930094,13.175827352595837
imame,AFD,#21a1ff,#21a1ff,10,12,60.80311,100.0,0.0,45.5028,0.08385847433315695,21.42719480239355
union,CDUCSU,#343434,#343434,10,12,56.668365,27.393356,68.025986,56.790394,14.546736489302795,14.485877285714338
grün,Gruene,#029e00,#029e00,10,12,96.88951,58.10975,86.60616,0.0,7.105826178842347,12.717094973389099
treten,CDUCSU,#343434,#343434,10,12,65.48918,42.929802,58.156036,44.459675,11.804051498436287,14.57838792072788
deutschland,CDUCSU,#343434,#343434,10,12,7.2574115,8.078833,93.282486,92.04596,100.0,37.80918467020594
bleiben,CDUCSU,#343434,#343434,10,12,21.486511,14.885181,95.44899,79.635796,30.961895942959465,15.10632244297292
einkommen,Linke,#900C3F,#900C3F,10,12,77.10042,50.550716,66.83707,26.395958,14.75335198549231,14.645714835108478
aufgeben,SPD,#cc0000,#cc0000,10,12,58.04101,37.243973,64.083725,57.17244,12.887181754213902,14.081103276480246
gesellschaft,Gruene,#029e00,#029e00,10,12,7.2643714,18.270096,99.03269,95.70567,42.46755645124761,9.952029828390138
region,Linke,#900C3F,#900C3F,10,12,74.64089,57.574284,59.515255,32.25518,11.264261382493803,14.01615010613476
unterstützen,Gruene,#029e00,#029e00,10,12,26.439169,21.143944,88.921906,72.811935,26.16035199780047,10.14760728869271
vergleiche,Linke,#900C3F,#900C3F,10,12,82.47072,78.599396,46.408688,5.883126,1.2583576338961149,15.051088902789978
grüne,Gruene,#029e00,#029e00,10,12,98.28838,57.23695,87.56448,0.21624292,7.63748799785965,11.258769157357634
bürgern,FDP,#ffe800,#ffe800,10,12,17.419922,6.3164153,88.36175,83.58495,31.887097646455103,25.18043404313396
modern,SPD,#cc0000,#cc0000,10,12,56.600643,33.802547,64.49823,56.133358,12.897651147789501,14.173614496855999
bündnis,Gruene,#029e00,#029e00,10,12,95.90145,57.196297,86.60918,0.7930524,10.200692023053925,11.126323967532954
nutzen,SPD,#cc0000,#cc0000,10,12,47.98167,31.136984,73.26683,55.42755,15.982799386920487,12.716439812976413
jugendliche,Gruene,#029e00,#029e00,10,12,72.124344,58.35973,58.197487,27.178734,11.173234623803172,13.278562921508003
nehmen,Gruene,#029e00,#029e00,10,12,70.30581,56.5817,58.651733,30.801052,12.234752141543384,14.797199308080952
ökologisch,Gruene,#029e00,#029e00,10,12,0.0,20.106121,96.40236,100.0,25.064966548782596,3.279095172240491
gleich,Linke,#900C3F,#900C3F,10,12,76.09426,52.189827,64.350685,27.71501,13.349452234241546,14.032771262312451
000,AFD,#21a1ff,#21a1ff,10,12,59.30081,88.30771,13.933784,46.239555,5.305328667478699,19.25008558832086
familie,CDUCSU,#343434,#343434,10,12,20.673346,8.397948,94.266205,82.107994,30.45445591271888,26.783478213663365
zusammenarbeit,SPD,#cc0000,#cc0000,10,12,54.038227,34.18732,66.550575,58.07699,14.795670954645985,13.971982082662809
fdp,FDP,#ffe800,#ffe800,10,12,55.246822,21.098602,58.471794,67.149155,16.566502348058158,15.19619751141188
stark,SPD,#cc0000,#cc0000,10,12,18.344149,18.513378,92.55801,84.59831,32.399415114347704,15.99464615454933
ausbauen,SPD,#cc0000,#cc0000,10,12,48.61946,27.254683,73.199104,46.56872,16.88895281114752,12.187058673518942
ehe,AFD,#21a1ff,#21a1ff,10,12,60.10841,91.75635,10.45109,46.906574,3.8951916641014432,20.98842817633208
behinderung,Linke,#900C3F,#900C3F,10,12,80.37994,69.56894,49.066727,13.345636,7.719531823061245,12.675635470673315
soziale,Linke,#900C3F,#900C3F,10,12,8.74777,24.22546,93.79947,93.66802,31.922844224872225,5.425396097498254
hochschule,FDP,#ffe800,#ffe800,10,12,58.34549,47.52934,66.28447,45.622597,12.598276786321346,14.058865534746424
reform,FDP,#ffe800,#ffe800,10,12,56.105953,49.738087,67.500084,43.991882,14.633654473583968,15.222732294466285
leistung,FDP,#ffe800,#ffe800,10,12,37.073208,35.30191,77.32457,66.78711,19.566326204174267,15.890132153183595
verbessern,CDUCSU,#343434,#343434,10,12,25.313334,16.193203,93.68385,75.86844,28.192001812215967,12.068078792124478
problem,AFD,#21a1ff,#21a1ff,10,12,61.391045,68.36375,35.851,43.515186,10.56876058868471,18.496600080119386
lehnen,AFD,#21a1ff,#21a1ff,10,12,49.01287,65.88012,41.06642,43.743523,16.6927918933592,24.400473364423732
gut,SPD,#cc0000,#cc0000,10,12,28.659445,19.016777,90.23814,70.61575,25.038125463159894,9.542303516454371
weg,SPD,#cc0000,#cc0000,10,12,39.668636,27.583876,79.88605,59.599144,19.1997292864216,12.071729040853604
wachstum,CDUCSU,#343434,#343434,10,12,65.555244,32.147137,60.023857,55.878323,7.32235594042367,14.495996769387865
cdu,CDUCSU,#343434,#343434,10,12,52.059193,11.725034,69.79891,61.05212,22.28029498613844,12.862261880640673
arbeitnehmer,SPD,#cc0000,#cc0000,10,12,49.708134,39.275406,62.93979,53.10951,11.428282764142422,16.406381096914203
bundesrepublik,SPD,#cc0000,#cc0000,10,12,50.674076,30.474237,70.7254,47.91442,14.223100287712304,12.329419456948239
liberale,FDP,#ffe800,#ffe800,10,12,45.9198,46.775227,56.73843,65.64494,5.392143875247217,16.633799325901293
bürgerin,Linke,#900C3F,#900C3F,10,12,79.907906,54.14112,63.170612,24.433386,12.550770463924962,10.450098190287255
setzen,Gruene,#029e00,#029e00,10,12,5.0242596,14.803733,99.07887,94.43003,51.57417637991173,9.806110462823192
bestehend,AFD,#21a1ff,#21a1ff,10,12,56.592857,68.380875,37.914043,46.089237,9.848968693467858,20.513386341203333
forschung,FDP,#ffe800,#ffe800,10,12,53.73582,43.403862,67.20989,52.72519,14.839790342913759,16.28326794635741
verantwortung,FDP,#ffe800,#ffe800,10,12,32.22567,18.672695,88.10318,67.21013,23.92405817333943,8.880151076679752
die,Gruene,#029e00,#029e00,10,12,97.58787,58.799255,86.55569,0.08477904,4.748242794585482,12.7243324016188
deutlich,Gruene,#029e00,#029e00,10,12,68.35408,57.401596,58.441628,30.56179,12.11954859151422,15.969908625556661
mein,CDUCSU,#343434,#343434,10,12,18.677229,11.10119,97.07791,82.04328,36.49087901964585,16.003396252534206
abgeordnete,AFD,#21a1ff,#21a1ff,10,12,58.47395,95.81919,2.3443758,44.40366,1.1009903654195021,20.801875092845496
leben,Gruene,#029e00,#029e00,10,12,6.43259,19.791374,98.626045,97.09747,37.22010022069362,8.432323277278227
europa,CDUCSU,#343434,#343434,10,12,15.7131,11.938422,96.306435,85.44422,40.901002913724774,18.739521691276487
abschaffen,Linke,#900C3F,#900C3F,10,12,60.568058,77.58733,31.234964,46.00219,9.317747849599362,20.10107496941721
mann,Gruene,#029e00,#029e00,10,12,70.61426,61.89054,55.26995,28.584877,11.319770140291935,14.485819622893597
national,AFD,#21a1ff,#21a1ff,10,12,56.252617,60.808838,42.22508,47.21046,13.983045964925939,19.39551815629118
gemeinsam,SPD,#cc0000,#cc0000,10,12,28.146711,17.108349,91.75613,71.548965,25.49762367643445,9.95946108516503
land,CDUCSU,#343434,#343434,10,12,7.2627096,9.042671,95.88728,91.25545,77.65507065945707,13.775083670211355
europäische,FDP,#ffe800,#ffe800,10,12,29.941252,27.89807,83.41158,68.46612,22.83427916279188,15.92951095877472
zielen,SPD,#cc0000,#cc0000,10,12,14.091844,14.494656,97.3008,86.40777,38.18765033259047,9.627166762126734
rente,Linke,#900C3F,#900C3F,10,12,65.75767,72.052635,32.371037,42.40182,9.094705164780711,17.787974245180397
europäisch,FDP,#ffe800,#ffe800,10,12,17.044996,19.238964,91.40901,85.22746,32.70730049122801,15.897709521261834
deutsch,AFD,#21a1ff,#21a1ff,10,12,13.475553,3.7388835,88.58434,89.11913,50.73171712073303,43.31852662196038
unternehmen,FDP,#ffe800,#ffe800,10,12,13.176484,21.069853,93.30776,89.685616,35.576424354738734,10.582874282915885
sicherung,SPD,#cc0000,#cc0000,10,12,60.149395,35.543186,62.9771,56.281136,11.908839669637475,14.612852886132712
notwendig,FDP,#ffe800,#ffe800,10,12,37.255894,30.328259,80.64143,62.36359,17.32340955285658,13.011518309959017
erhöhen,Linke,#900C3F,#900C3F,10,12,69.14006,49.384396,63.31913,35.817863,14.137052663268499,15.720002722369106
interesse,SPD,#cc0000,#cc0000,10,12,29.495144,34.491554,81.57969,70.59156,19.902803646597707,18.79324360898086
löhne,Linke,#900C3F,#900C3F,10,12,82.15585,76.85566,47.326202,6.865394,2.764854238162561,14.5911232163239
grünen,Gruene,#029e00,#029e00,10,12,100.0,56.185104,87.30703,1.3898154,8.86706424063808,10.001108911614885
gelten,FDP,#ffe800,#ffe800,10,12,27.356699,27.19217,84.49381,72.59618,23.50711661923283,16.092148218233934
alt,CDUCSU,#343434,#343434,10,12,43.646297,30.078306,76.83506,57.431484,17.66965329481093,13.6826872460832
demokratische,Linke,#900C3F,#900C3F,10,12,80.255775,70.66407,47.90761,11.921231,7.359492205707145,13.890856060125815
innen,Gruene,#029e00,#029e00,10,12,97.43712,57.754158,87.11396,0.51903576,6.864064611599073,11.996309249873846
ermöglichen,FDP,#ffe800,#ffe800,10,12,34.36263,29.47241,81.01927,62.83883,19.166969467583026,14.017042673832943
grundlage,SPD,#cc0000,#cc0000,10,12,54.028545,33.08149,67.06234,56.617367,14.321807694427907,12.555528163186533
gerecht,SPD,#cc0000,#cc0000,10,12,43.450607,20.588095,76.64898,45.725853,20.721342561016165,10.812686160983791
chance,FDP,#ffe800,#ffe800,10,12,34.01255,19.131977,86.548096,65.973885,22.65948938604843,10.96000525515951
gemeinde,SPD,#cc0000,#cc0000,10,12,72.41676,31.281694,61.15449,50.3379,7.053181160957836,14.537564387375337
wettbewerb,FDP,#ffe800,#ffe800,10,12,61.064957,25.990948,59.42853,64.533905,12.555354415289163,15.776127859215395
beschäftigte,Linke,#900C3F,#900C3F,10,12,87.5971,71.9588,49.93881,9.185602,7.727983174723556,12.585820484295493
kultur,Linke,#900C3F,#900C3F,10,12,71.65831,50.39073,64.039246,32.370857,15.340085049082376,16.118400746820566
demokratisch,Linke,#900C3F,#900C3F,10,12,82.618645,48.978233,66.843544,24.827948,15.471029639324312,14.469263956443875
sozialdemokratisch,SPD,#cc0000,#cc0000,10,12,77.026,29.281801,61.42788,47.799267,2.925315585910175,14.97642918349854
kommunal,Linke,#900C3F,#900C3F,10,12,79.50772,73.44997,47.29634,10.986612,6.092015819527986,14.269971313932519
regelung,FDP,#ffe800,#ffe800,10,12,71.958244,37.94431,52.83698,60.06468,8.929576954960375,17.059757438980977
besonder,SPD,#cc0000,#cc0000,10,12,55.41417,38.47648,65.08689,55.934895,14.297861730472098,16.05054939436437
abs,AFD,#21a1ff,#21a1ff,10,12,60.28348,96.58245,2.3527114,47.398975,0.9664223154777296,22.02076691640745
insbesondere,FDP,#ffe800,#ffe800,10,12,19.372229,26.583424,88.20983,82.918335,27.274672042302246,23.502876912535093
staatlich,AFD,#21a1ff,#21a1ff,10,12,49.889004,65.33808,40.76906,44.265728,15.395278569908468,23.328535244304792
fordern,AFD,#21a1ff,#21a1ff,10,12,13.065633,1.8359497,86.79398,87.4735,44.60783302162768,42.73930429532141
liberal,FDP,#ffe800,#ffe800,10,12,44.959034,46.43721,57.173615,65.50362,8.825195053820526,17.122431774063863
staat,FDP,#ffe800,#ffe800,10,12,14.2425995,5.1327605,88.07945,87.06277,44.56615951422187,29.93138577156362
energie,Gruene,#029e00,#029e00,10,12,66.49612,58.84924,56.72812,32.7058,13.65323196368005,13.12393819960103
stellen,Gruene,#029e00,#029e00,10,12,23.711475,24.882942,86.5675,75.83965,26.044505485376103,16.1999557103764
marktwirtschaft,CDUCSU,#343434,#343434,10,12,66.69026,30.239874,58.10549,59.235615,8.019446272673568,16.20337891382782
zuwanderung,AFD,#21a1ff,#21a1ff,10,12,64.160805,94.076454,6.4383345,47.4555,2.8766823956517333,22.76510834255806
zahlen,AFD,#21a1ff,#21a1ff,10,12,61.12464,65.60576,36.18314,43.544636,11.848710315452335,18.362440462134185
linke,Linke,#900C3F,#900C3F,10,12,92.22036,70.84385,60.391582,17.519678,14.451654005241519,7.2076055440383255
alternativ,AFD,#21a1ff,#21a1ff,10,12,60.19618,89.021484,13.19876,45.35635,4.594097831426402,19.46016809649388
ostdeutschland,Linke,#900C3F,#900C3F,10,12,82.648476,73.780075,48.545578,8.253028,4.8569129901436305,13.605744647593813
infrastruktur,Linke,#900C3F,#900C3F,10,12,63.311363,69.76567,34.07273,43.339977,10.31097593870993,18.463218260765117
förderung,FDP,#ffe800,#ffe800,10,12,29.960043,24.964226,84.75514,68.986115,23.23812804828045,11.723092477148723
global,Gruene,#029e00,#029e00,10,12,75.227554,65.55174,53.787636,24.379618,8.208805836435722,13.012290998099402
hoch,FDP,#ffe800,#ffe800,10,12,22.73003,24.337164,86.91429,77.93697,26.781330189062764,16.301740883696866
prozent,Linke,#900C3F,#900C3F,10,12,84.227005,47.57559,65.59087,26.77588,16.456370526350984,18.12219970263348
11,AFD,#21a1ff,#21a1ff,10,12,62.055367,98.68391,0.7304486,49.240177,0.6329962711229727,22.237228390356762
erhalten,AFD,#21a1ff,#21a1ff,10,12,17.186195,23.38611,90.492195,84.37837,33.8285183730479,22.53304984218142
beenden,AFD,#21a1ff,#21a1ff,10,12,60.257553,79.02847,29.240767,45.032112,8.769935776473513,22.280900824295692
csu,CDUCSU,#343434,#343434,10,12,52.107803,11.7521305,68.884254,60.58244,19.037970317460502,13.02678504576216
islam,AFD,#21a1ff,#21a1ff,10,12,64.10835,98.25055,1.6163511,49.877964,0.864228686824141,22.446777467883624
arbeitsplätze,CDUCSU,#343434,#343434,10,12,45.96926,29.371801,73.36229,55.88277,17.64612226577862,12.225092860220318
partei,AFD,#21a1ff,#21a1ff,10,12,51.099842,66.45912,40.52037,44.416477,14.201765337999644,22.29205009163769
arbeit,Linke,#900C3F,#900C3F,10,12,8.638991,23.885643,94.66138,94.35206,33.25942277873779,6.379732165877243
12,AFD,#21a1ff,#21a1ff,10,12,66.51237,96.78362,3.5979505,50.129025,1.7127734473235816,24.688463155368918
erfolgreich,CDUCSU,#343434,#343434,10,12,64.2629,32.537903,59.79698,55.346363,9.200878986385863,16.187307959888685
freiheitlich,AFD,#21a1ff,#21a1ff,10,12,57.236244,93.1205,6.217053,47.023415,3.7520042441257053,21.224048000793356
schaffen,Gruene,#029e00,#029e00,10,12,7.0963407,15.0389595,100.0,93.08623,45.16825201653563,3.646213597812764
möglichkeit,FDP,#ffe800,#ffe800,10,12,35.395267,27.991661,82.91521,63.741524,19.81707280912767,12.177426173829675
geben,FDP,#ffe800,#ffe800,10,12,40.93893,33.71522,76.81159,61.365707,16.994462112728538,16.360626324328393
frau,Gruene,#029e00,#029e00,10,12,1.7171761,19.577915,97.941666,98.1124,38.395367547915114,2.7893116848153467
solidarisch,Linke,#900C3F,#900C3F,10,12,83.19063,71.222855,48.95448,10.512248,5.813124769972642,12.79929927015743
führen,AFD,#21a1ff,#21a1ff,10,12,56.840015,69.18833,37.01064,46.433525,10.953038217306013,21.073326943486148
ausbildung,FDP,#ffe800,#ffe800,10,12,61.924316,47.92115,64.51195,42.694603,12.053028565525203,14.444539849775964
demokratie,Linke,#900C3F,#900C3F,10,12,79.59381,47.72971,66.88394,26.55042,17.890790090497696,13.756054584088245
windenergieanlagen,AFD,#21a1ff,#21a1ff,10,12,59.29771,99.24044,0.062179968,45.28817,0.0,21.331706903150156
rahmen,FDP,#ffe800,#ffe800,10,12,56.247158,47.27944,66.25064,47.169605,13.42843255700795,13.691962787572553
hören,FDP,#ffe800,#ffe800,10,12,60.056393,52.23471,64.56991,40.60349,14.58643407474024,15.675123891504109
unabhängig,Linke,#900C3F,#900C3F,10,12,72.180046,54.814644,60.25827,28.54902,11.557298511625643,14.3358971369653
daseinsvorsorge,Linke,#900C3F,#900C3F,10,12,82.89436,76.99944,47.214737,6.5145783,2.6272887356450467,14.541744335646579
sozial,Linke,#900C3F,#900C3F,10,12,3.2730587,26.107172,97.077095,95.01561,60.925214612951606,0.0
entscheiden,Gruene,#029e00,#029e00,10,12,61.487614,55.796093,57.336998,36.356007,14.934213531280236,16.956312235518222
kosten,AFD,#21a1ff,#21a1ff,10,12,59.12466,66.537704,37.07065,45.57669,10.81671519207409,18.887278294495605
